"user_id","content_id","episode_no","view_time","check_point","is_finished"
679,4,1,"2024-12-04 16:12:40.313602","00:10:00",True
679,4,2,"2024-12-04 16:12:40.313602","00:20:00",False
679,4,3,"2024-12-04 16:12:40.313602","00:30:00",False
680,5,1,"2024-12-04 16:12:40.313602","00:15:00",True
680,5,2,"2024-12-04 16:12:40.313602","00:25:00",False
680,5,3,"2024-12-04 16:12:40.313602","00:35:00",False
681,6,1,"2024-12-04 16:12:40.313602","00:05:00",True
681,6,2,"2024-12-04 16:12:40.313602","00:25:00",False
681,6,3,"2024-12-04 16:12:40.313602","00:35:00",False
682,7,1,"2024-12-04 16:12:40.313602","00:12:00",True
682,7,2,"2024-12-04 16:12:40.313602","00:22:00",False
682,7,3,"2024-12-04 16:12:40.313602","00:32:00",False
683,23,1,"2024-12-04 16:12:40.313602","00:08:00",True
683,23,2,"2024-12-04 16:12:40.313602","00:18:00",False
683,23,3,"2024-12-04 16:12:40.313602","00:28:00",False
684,24,1,"2024-12-04 16:12:40.313602","00:10:00",True
684,24,2,"2024-12-04 16:12:40.313602","00:20:00",False
684,24,3,"2024-12-04 16:12:40.313602","00:30:00",False
685,25,1,"2024-12-04 16:12:40.313602","00:15:00",True
685,25,2,"2024-12-04 16:12:40.313602","00:25:00",False
685,25,3,"2024-12-04 16:12:40.313602","00:35:00",False
686,26,1,"2024-12-04 16:12:40.313602","00:12:00",True
686,26,2,"2024-12-04 16:12:40.313602","00:22:00",False
686,26,3,"2024-12-04 16:12:40.313602","00:32:00",False
687,27,1,"2024-12-04 16:12:40.313602","00:08:00",True
687,27,2,"2024-12-04 16:12:40.313602","00:18:00",False
687,27,3,"2024-12-04 16:12:40.313602","00:28:00",False
688,28,1,"2024-12-04 16:12:40.313602","00:10:00",True
688,28,2,"2024-12-04 16:12:40.313602","00:20:00",False
688,28,3,"2024-12-04 16:12:40.313602","00:30:00",False
689,29,1,"2024-12-04 16:12:40.313602","00:12:00",True
689,29,2,"2024-12-04 16:12:40.313602","00:22:00",False
689,29,3,"2024-12-04 16:12:40.313602","00:32:00",False
690,30,1,"2024-12-04 16:12:40.313602","00:05:00",True
690,30,2,"2024-12-04 16:12:40.313602","00:15:00",False
690,30,3,"2024-12-04 16:12:40.313602","00:25:00",False
691,31,1,"2024-12-04 16:12:40.313602","00:18:00",True
691,31,2,"2024-12-04 16:12:40.313602","00:28:00",False
691,31,3,"2024-12-04 16:12:40.313602","00:38:00",False
692,32,1,"2024-12-04 16:12:40.313602","00:22:00",True
692,32,2,"2024-12-04 16:12:40.313602","00:32:00",False
692,32,3,"2024-12-04 16:12:40.313602","00:42:00",False
693,33,1,"2024-12-04 16:12:40.313602","00:30:00",True
693,33,2,"2024-12-04 16:12:40.313602","00:40:00",False
693,33,3,"2024-12-04 16:12:40.313602","00:50:00",False
694,34,1,"2024-12-04 16:12:40.313602","00:15:00",True
694,34,2,"2024-12-04 16:12:40.313602","00:25:00",False
694,34,3,"2024-12-04 16:12:40.313602","00:35:00",False
695,35,1,"2024-12-04 16:12:40.313602","00:20:00",True
695,35,2,"2024-12-04 16:12:40.313602","00:30:00",False
695,35,3,"2024-12-04 16:12:40.313602","00:40:00",False
696,36,1,"2024-12-04 16:12:40.313602","00:10:00",True
696,36,2,"2024-12-04 16:12:40.313602","00:20:00",False
696,36,3,"2024-12-04 16:12:40.313602","00:30:00",False
697,37,1,"2024-12-04 16:12:40.313602","00:12:00",True
697,37,2,"2024-12-04 16:12:40.313602","00:22:00",False
697,37,3,"2024-12-04 16:12:40.313602","00:32:00",False
698,38,1,"2024-12-04 16:12:40.313602","00:08:00",True
698,38,2,"2024-12-04 16:12:40.313602","00:18:00",False
698,38,3,"2024-12-04 16:12:40.313602","00:28:00",False
699,39,1,"2024-12-04 16:12:40.313602","00:15:00",True
699,39,2,"2024-12-04 16:12:40.313602","00:25:00",False
699,39,3,"2024-12-04 16:12:40.313602","00:35:00",False
700,40,1,"2024-12-04 16:12:40.313602","00:10:00",True
700,40,2,"2024-12-04 16:12:40.313602","00:20:00",False
700,40,3,"2024-12-04 16:12:40.313602","00:30:00",False
701,1,1,"2024-12-04 16:12:40.313602","00:10:00",True
702,2,1,"2024-12-04 16:12:40.313602","00:20:00",True
703,3,1,"2024-12-04 16:12:40.313602","00:30:00",True
704,8,1,"2024-12-04 16:12:40.313602","00:12:00",True
705,9,1,"2024-12-04 16:12:40.313602","00:05:00",True
706,10,1,"2024-12-04 16:12:40.313602","00:25:00",True
744,101,1,"2024-12-04 16:26:38.519044","00:15:00",True
744,104,1,"2024-12-04 16:26:38.519044","00:20:00",True
744,107,1,"2024-12-04 16:26:38.519044","00:30:00",True
744,108,1,"2024-12-04 16:26:38.519044","00:40:00",True
745,102,1,"2024-12-04 16:26:38.519044","00:10:00",True
745,106,1,"2024-12-04 16:26:38.519044","00:20:00",True
745,110,1,"2024-12-04 16:26:38.519044","00:30:00",True
745,109,1,"2024-12-04 16:26:38.519044","00:40:00",True
746,106,1,"2024-12-04 16:26:38.519044","00:10:00",True
746,102,1,"2024-12-04 16:26:38.519044","00:20:00",True
746,108,1,"2024-12-04 16:26:38.519044","00:30:00",True
746,105,1,"2024-12-04 16:26:38.519044","00:40:00",True
747,107,1,"2024-12-04 16:26:38.519044","00:10:00",True
747,105,1,"2024-12-04 16:26:38.519044","00:20:00",True
747,109,1,"2024-12-04 16:26:38.519044","00:30:00",True
747,110,1,"2024-12-04 16:26:38.519044","00:40:00",True
748,108,1,"2024-12-04 16:26:38.519044","00:15:00",True
748,109,1,"2024-12-04 16:26:38.519044","00:25:00",True
748,107,1,"2024-12-04 16:26:38.519044","00:35:00",True
748,102,1,"2024-12-04 16:26:38.519044","00:45:00",True
749,110,1,"2024-12-04 16:26:38.519044","00:10:00",True
749,106,1,"2024-12-04 16:26:38.519044","00:20:00",True
749,104,1,"2024-12-04 16:26:38.519044","00:30:00",True
749,103,1,"2024-12-04 16:26:38.519044","00:40:00",True
750,102,1,"2024-12-04 16:26:38.519044","00:10:00",True
750,107,1,"2024-12-04 16:26:38.519044","00:25:00",True
750,108,1,"2024-12-04 16:26:38.519044","00:30:00",True
750,109,1,"2024-12-04 16:26:38.519044","00:45:00",True
751,110,1,"2024-12-04 16:26:38.519044","00:10:00",True
751,102,1,"2024-12-04 16:26:38.519044","00:20:00",True
751,106,1,"2024-12-04 16:26:38.519044","00:30:00",True
751,109,1,"2024-12-04 16:26:38.519044","00:40:00",True
752,107,1,"2024-12-04 16:26:38.519044","00:15:00",True
752,104,1,"2024-12-04 16:26:38.519044","00:25:00",True
752,108,1,"2024-12-04 16:26:38.519044","00:35:00",True
752,110,1,"2024-12-04 16:26:38.519044","00:45:00",True
753,101,1,"2024-12-04 16:26:38.519044","00:10:00",True
753,110,1,"2024-12-04 16:26:38.519044","00:20:00",True
753,106,1,"2024-12-04 16:26:38.519044","00:30:00",True
753,105,1,"2024-12-04 16:26:38.519044","00:40:00",True
754,103,1,"2024-12-04 16:26:38.519044","00:10:00",True
754,106,1,"2024-12-04 16:26:38.519044","00:20:00",True
754,108,1,"2024-12-04 16:26:38.519044","00:30:00",True
754,109,1,"2024-12-04 16:26:38.519044","00:40:00",True
755,105,1,"2024-12-04 16:26:38.519044","00:15:00",True
755,107,1,"2024-12-04 16:26:38.519044","00:30:00",True
755,110,1,"2024-12-04 16:26:38.519044","00:35:00",True
755,108,1,"2024-12-04 16:26:38.519044","00:45:00",True
756,102,1,"2024-12-04 16:26:38.519044","00:10:00",True
756,106,1,"2024-12-04 16:26:38.519044","00:25:00",True
756,108,1,"2024-12-04 16:26:38.519044","00:35:00",True
756,104,1,"2024-12-04 16:26:38.519044","00:40:00",True
757,101,1,"2024-12-04 16:26:38.519044","00:15:00",True
757,105,1,"2024-12-04 16:26:38.519044","00:25:00",True
757,110,1,"2024-12-04 16:26:38.519044","00:35:00",True
757,109,1,"2024-12-04 16:26:38.519044","00:40:00",True
758,106,1,"2024-12-04 16:26:38.519044","00:10:00",True
758,109,1,"2024-12-04 16:26:38.519044","00:20:00",True
758,108,1,"2024-12-04 16:26:38.519044","00:30:00",True
758,102,1,"2024-12-04 16:26:38.519044","00:40:00",True
883,105,1,"2024-12-04 16:26:38.519044","00:15:00",True
883,104,1,"2024-12-04 16:26:38.519044","00:30:00",True
883,110,1,"2024-12-04 16:26:38.519044","00:35:00",True
883,103,1,"2024-12-04 16:26:38.519044","00:45:00",True
884,108,1,"2024-12-04 16:26:38.519044","00:10:00",True
884,110,1,"2024-12-04 16:26:38.519044","00:20:00",True
884,107,1,"2024-12-04 16:26:38.519044","00:30:00",True
884,109,1,"2024-12-04 16:26:38.519044","00:40:00",True
885,109,1,"2024-12-04 16:26:38.519044","00:15:00",True
885,103,1,"2024-12-04 16:26:38.519044","00:30:00",True
885,104,1,"2024-12-04 16:26:38.519044","00:35:00",True
885,107,1,"2024-12-04 16:26:38.519044","00:40:00",True
886,101,1,"2024-12-04 16:26:38.519044","00:10:00",True
886,110,1,"2024-12-04 16:26:38.519044","00:20:00",True
886,106,1,"2024-12-04 16:26:38.519044","00:30:00",True
886,108,1,"2024-12-04 16:26:38.519044","00:40:00",True
887,104,1,"2024-12-04 16:26:38.519044","00:15:00",True
887,105,1,"2024-12-04 16:26:38.519044","00:30:00",True
887,110,1,"2024-12-04 16:26:38.519044","00:35:00",True
887,107,1,"2024-12-04 16:26:38.519044","00:45:00",True
888,107,1,"2024-12-04 16:26:38.519044","00:10:00",True
888,108,1,"2024-12-04 16:26:38.519044","00:20:00",True
888,102,1,"2024-12-04 16:26:38.519044","00:30:00",True
888,109,1,"2024-12-04 16:26:38.519044","00:40:00",True
889,108,1,"2024-12-04 16:26:38.519044","00:10:00",True
889,109,1,"2024-12-04 16:26:38.519044","00:20:00",True
889,110,1,"2024-12-04 16:26:38.519044","00:30:00",True
889,106,1,"2024-12-04 16:26:38.519044","00:40:00",True
890,105,1,"2024-12-04 16:26:38.519044","00:15:00",True
890,103,1,"2024-12-04 16:26:38.519044","00:30:00",True
890,108,1,"2024-12-04 16:26:38.519044","00:35:00",True
890,107,1,"2024-12-04 16:26:38.519044","00:45:00",True
891,102,1,"2024-12-04 16:26:38.519044","00:10:00",True
891,106,1,"2024-12-04 16:26:38.519044","00:25:00",True
891,107,1,"2024-12-04 16:26:38.519044","00:30:00",True
891,110,1,"2024-12-04 16:26:38.519044","00:40:00",True
892,109,1,"2024-12-04 16:26:38.519044","00:10:00",True
892,103,1,"2024-12-04 16:26:38.519044","00:20:00",True
892,106,1,"2024-12-04 16:26:38.519044","00:30:00",True
892,108,1,"2024-12-04 16:26:38.519044","00:40:00",True
893,104,1,"2024-12-04 16:26:38.519044","00:15:00",True
893,108,1,"2024-12-04 16:26:38.519044","00:30:00",True
893,106,1,"2024-12-04 16:26:38.519044","00:40:00",True
893,109,1,"2024-12-04 16:26:38.519044","00:45:00",True
894,110,1,"2024-12-04 16:26:38.519044","00:10:00",True
894,107,1,"2024-12-04 16:26:38.519044","00:25:00",True
894,109,1,"2024-12-04 16:26:38.519044","00:35:00",True
894,106,1,"2024-12-04 16:26:38.519044","00:45:00",True
895,102,1,"2024-12-04 16:26:38.519044","00:10:00",True
895,103,1,"2024-12-04 16:26:38.519044","00:20:00",True
895,106,1,"2024-12-04 16:26:38.519044","00:30:00",True
895,107,1,"2024-12-04 16:26:38.519044","00:40:00",True
896,106,1,"2024-12-04 16:26:38.519044","00:15:00",True
896,109,1,"2024-12-04 16:26:38.519044","00:30:00",True
896,107,1,"2024-12-04 16:26:38.519044","00:40:00",True
896,103,1,"2024-12-04 16:26:38.519044","00:45:00",True
897,108,1,"2024-12-04 16:26:38.519044","00:10:00",True
897,107,1,"2024-12-04 16:26:38.519044","00:20:00",True
897,104,1,"2024-12-04 16:26:38.519044","00:30:00",True
897,102,1,"2024-12-04 16:26:38.519044","00:40:00",True
898,109,1,"2024-12-04 16:26:38.519044","00:10:00",True
709,1,1,"2024-12-04 16:22:53.909407","00:15:00",True
709,2,1,"2024-12-04 16:22:53.909407","00:20:00",False
709,5,1,"2024-12-04 16:22:53.909407","00:35:00",True
709,9,1,"2024-12-04 16:22:53.909407","00:40:00",True
710,3,1,"2024-12-04 16:22:53.909407","00:10:00",True
710,4,1,"2024-12-04 16:22:53.909407","00:25:00",True
710,6,1,"2024-12-04 16:22:53.909407","00:30:00",False
710,10,1,"2024-12-04 16:22:53.909407","00:45:00",True
711,11,1,"2024-12-04 16:22:53.909407","00:15:00",True
711,52,1,"2024-12-04 16:22:53.909407","00:20:00",False
711,74,1,"2024-12-04 16:22:53.909407","00:35:00",True
711,16,1,"2024-12-04 16:22:53.909407","00:40:00",True
712,97,1,"2024-12-04 16:22:53.909407","00:25:00",True
712,18,1,"2024-12-04 16:22:53.909407","00:30:00",False
712,99,1,"2024-12-04 16:22:53.909407","00:40:00",True
712,22,1,"2024-12-04 16:22:53.909407","00:45:00",True
713,23,1,"2024-12-04 16:22:53.909407","00:10:00",True
713,24,1,"2024-12-04 16:22:53.909407","00:15:00",False
713,26,1,"2024-12-04 16:22:53.909407","00:30:00",True
713,29,1,"2024-12-04 16:22:53.909407","00:40:00",True
714,87,1,"2024-12-04 16:22:53.909407","00:20:00",True
714,98,1,"2024-12-04 16:22:53.909407","00:25:00",True
714,30,1,"2024-12-04 16:22:53.909407","00:35:00",True
714,32,1,"2024-12-04 16:22:53.909407","00:40:00",True
715,33,1,"2024-12-04 16:22:53.909407","00:10:00",True
715,94,1,"2024-12-04 16:22:53.909407","00:20:00",False
715,16,1,"2024-12-04 16:22:53.909407","00:30:00",True
715,48,1,"2024-12-04 16:22:53.909407","00:45:00",True
716,39,1,"2024-12-04 16:22:53.909407","00:10:00",True
716,30,1,"2024-12-04 16:22:53.909407","00:25:00",True
716,42,1,"2024-12-04 16:22:53.909407","00:35:00",False
716,94,1,"2024-12-04 16:22:53.909407","00:45:00",True
717,45,1,"2024-12-04 16:22:53.909407","00:15:00",True
717,86,1,"2024-12-04 16:22:53.909407","00:25:00",True
717,37,1,"2024-12-04 16:22:53.909407","00:30:00",True
717,80,1,"2024-12-04 16:22:53.909407","00:40:00",False
718,51,1,"2024-12-04 16:22:53.909407","00:15:00",True
718,92,1,"2024-12-04 16:22:53.909407","00:20:00",True
718,58,1,"2024-12-04 16:22:53.909407","00:35:00",False
718,86,1,"2024-12-04 16:22:53.909407","00:45:00",True
719,18,1,"2024-12-04 16:22:53.909407","00:10:00",True
719,6,1,"2024-12-04 16:22:53.909407","00:20:00",True
719,4,1,"2024-12-04 16:22:53.909407","00:25:00",True
719,93,1,"2024-12-04 16:22:53.909407","00:35:00",False
720,24,1,"2024-12-04 16:22:53.909407","00:15:00",True
720,35,1,"2024-12-04 16:22:53.909407","00:30:00",False
720,87,1,"2024-12-04 16:22:53.909407","00:40:00",True
720,60,1,"2024-12-04 16:22:53.909407","00:45:00",True
721,11,1,"2024-12-04 16:22:53.909407","00:25:00",True
721,97,1,"2024-12-04 16:22:53.909407","00:30:00",False
721,79,1,"2024-12-04 16:22:53.909407","00:40:00",True
721,76,1,"2024-12-04 16:22:53.909407","00:45:00",True
722,76,1,"2024-12-04 16:22:53.909407","00:10:00",True
722,79,1,"2024-12-04 16:22:53.909407","00:15:00",False
722,80,1,"2024-12-04 16:22:53.909407","00:25:00",True
722,82,1,"2024-12-04 16:22:53.909407","00:35:00",True
723,85,1,"2024-12-04 16:22:53.909407","00:10:00",True
723,87,1,"2024-12-04 16:22:53.909407","00:20:00",True
723,89,1,"2024-12-04 16:22:53.909407","00:30:00",False
723,61,1,"2024-12-04 16:22:53.909407","00:45:00",True
724,41,1,"2024-12-04 16:22:53.909407","00:10:00",True
724,52,1,"2024-12-04 16:22:53.909407","00:20:00",True
724,24,1,"2024-12-04 16:22:53.909407","00:35:00",True
724,55,1,"2024-12-04 16:22:53.909407","00:40:00",True
725,96,1,"2024-12-04 16:22:53.909407","00:15:00",True
725,97,1,"2024-12-04 16:22:53.909407","00:30:00",False
725,99,1,"2024-12-04 16:22:53.909407","00:35:00",True
725,101,1,"2024-12-04 16:22:53.909407","00:40:00",True
726,102,1,"2024-12-04 16:22:53.909407","00:10:00",True
726,104,1,"2024-12-04 16:22:53.909407","00:20:00",False
726,105,1,"2024-12-04 16:22:53.909407","00:30:00",True
726,107,1,"2024-12-04 16:22:53.909407","00:45:00",True
727,108,1,"2024-12-04 16:22:53.909407","00:15:00",True
727,109,1,"2024-12-04 16:22:53.909407","00:25:00",True
727,110,1,"2024-12-04 16:22:53.909407","00:30:00",True
727,106,1,"2024-12-04 16:22:53.909407","00:40:00",True
728,103,1,"2024-12-04 16:22:53.909407","00:10:00",True
728,104,1,"2024-12-04 16:22:53.909407","00:15:00",False
728,105,1,"2024-12-04 16:22:53.909407","00:30:00",True
728,109,1,"2024-12-04 16:22:53.909407","00:40:00",True
729,110,1,"2024-12-04 16:22:53.909407","00:20:00",True
729,104,1,"2024-12-04 16:22:53.909407","00:30:00",False
729,102,1,"2024-12-04 16:22:53.909407","00:35:00",True
729,100,1,"2024-12-04 16:22:53.909407","00:40:00",True
730,105,1,"2024-12-04 16:22:53.909407","00:10:00",True
730,108,1,"2024-12-04 16:22:53.909407","00:20:00",True
730,110,1,"2024-12-04 16:22:53.909407","00:35:00",False
730,107,1,"2024-12-04 16:22:53.909407","00:45:00",True
731,108,1,"2024-12-04 16:22:53.909407","00:15:00",True
731,109,1,"2024-12-04 16:22:53.909407","00:20:00",True
731,5,1,"2024-12-04 16:22:53.909407","00:30:00",False
731,3,1,"2024-12-04 16:22:53.909407","00:40:00",True
732,104,1,"2024-12-04 16:22:53.909407","00:10:00",True
732,103,1,"2024-12-04 16:22:53.909407","00:20:00",True
732,16,1,"2024-12-04 16:22:53.909407","00:30:00",False
732,5,1,"2024-12-04 16:22:53.909407","00:40:00",True
733,103,1,"2024-12-04 16:22:53.909407","00:15:00",True
733,17,1,"2024-12-04 16:22:53.909407","00:25:00",True
733,8,1,"2024-12-04 16:22:53.909407","00:30:00",True
733,9,1,"2024-12-04 16:22:53.909407","00:40:00",True
734,96,1,"2024-12-04 16:22:53.909407","00:10:00",True
734,31,1,"2024-12-04 16:22:53.909407","00:15:00",True
734,19,1,"2024-12-04 16:22:53.909407","00:30:00",True
734,14,1,"2024-12-04 16:22:53.909407","00:35:00",True
735,109,1,"2024-12-04 16:22:53.909407","00:20:00",True
735,27,1,"2024-12-04 16:22:53.909407","00:25:00",True
735,16,1,"2024-12-04 16:22:53.909407","00:40:00",False
735,12,1,"2024-12-04 16:22:53.909407","00:45:00",True
736,100,1,"2024-12-04 16:22:53.909407","00:10:00",True
736,108,1,"2024-12-04 16:22:53.909407","00:15:00",True
736,16,1,"2024-12-04 16:22:53.909407","00:25:00",True
736,2,1,"2024-12-04 16:22:53.909407","00:40:00",True
737,101,1,"2024-12-04 16:22:53.909407","00:15:00",True
737,102,1,"2024-12-04 16:22:53.909407","00:30:00",True
737,100,1,"2024-12-04 16:22:53.909407","00:35:00",True
737,108,1,"2024-12-04 16:22:53.909407","00:40:00",False
738,110,1,"2024-12-04 16:22:53.909407","00:10:00",True
738,105,1,"2024-12-04 16:22:53.909407","00:20:00",True
738,107,1,"2024-12-04 16:22:53.909407","00:30:00",False
738,109,1,"2024-12-04 16:22:53.909407","00:40:00",True
739,106,1,"2024-12-04 16:22:53.909407","00:10:00",True
739,103,1,"2024-12-04 16:22:53.909407","00:15:00",False
739,104,1,"2024-12-04 16:22:53.909407","00:30:00",True
739,110,1,"2024-12-04 16:22:53.909407","00:35:00",True
740,101,1,"2024-12-04 16:22:53.909407","00:20:00",True
740,108,1,"2024-12-04 16:22:53.909407","00:25:00",False
740,110,1,"2024-12-04 16:22:53.909407","00:40:00",True
740,106,1,"2024-12-04 16:22:53.909407","00:45:00",True
741,107,1,"2024-12-04 16:22:53.909407","00:15:00",True
741,110,1,"2024-12-04 16:22:53.909407","00:20:00",True
741,108,1,"2024-12-04 16:22:53.909407","00:30:00",True
741,109,1,"2024-12-04 16:22:53.909407","00:40:00",True
742,106,1,"2024-12-04 16:22:53.909407","00:10:00",True
742,50,1,"2024-12-04 16:22:53.909407","00:25:00",True
742,5,1,"2024-12-04 16:22:53.909407","00:35:00",False
742,12,1,"2024-12-04 16:22:53.909407","00:45:00",True
743,109,1,"2024-12-04 16:22:53.909407","00:10:00",True
743,107,1,"2024-12-04 16:22:53.909407","00:20:00",True
743,62,1,"2024-12-04 16:22:53.909407","00:30:00",True
743,50,1,"2024-12-04 16:22:53.909407","00:40:00",True
898,108,1,"2024-12-04 16:26:38.519044","00:20:00",True
898,106,1,"2024-12-04 16:26:38.519044","00:30:00",True
898,107,1,"2024-12-04 16:26:38.519044","00:40:00",True
899,104,1,"2024-12-04 16:26:38.519044","00:10:00",True
899,109,1,"2024-12-04 16:26:38.519044","00:20:00",True
899,106,1,"2024-12-04 16:26:38.519044","00:30:00",True
899,102,1,"2024-12-04 16:26:38.519044","00:40:00",True
900,105,1,"2024-12-04 16:26:38.519044","00:10:00",True
900,107,1,"2024-12-04 16:26:38.519044","00:25:00",True
900,109,1,"2024-12-04 16:26:38.519044","00:35:00",True
900,104,1,"2024-12-04 16:26:38.519044","00:45:00",True
911,101,1,"2024-12-04 16:29:19.757523","00:10:00",True
911,102,1,"2024-12-04 16:29:19.757523","00:20:00",True
911,103,1,"2024-12-04 16:29:19.757523","00:30:00",True
911,104,1,"2024-12-04 16:29:19.757523","00:40:00",True
912,105,1,"2024-12-04 16:29:19.757523","00:15:00",True
912,106,1,"2024-12-04 16:29:19.757523","00:25:00",True
912,107,1,"2024-12-04 16:29:19.757523","00:35:00",True
912,108,1,"2024-12-04 16:29:19.757523","00:45:00",True
913,109,1,"2024-12-04 16:29:19.757523","00:10:00",True
913,110,1,"2024-12-04 16:29:19.757523","00:20:00",True
913,101,1,"2024-12-04 16:29:19.757523","00:30:00",True
913,102,1,"2024-12-04 16:29:19.757523","00:40:00",True
914,103,1,"2024-12-04 16:29:19.757523","00:15:00",True
914,104,1,"2024-12-04 16:29:19.757523","00:25:00",True
914,105,1,"2024-12-04 16:29:19.757523","00:35:00",True
914,106,1,"2024-12-04 16:29:19.757523","00:45:00",True
915,107,1,"2024-12-04 16:29:19.757523","00:10:00",True
915,108,1,"2024-12-04 16:29:19.757523","00:20:00",True
915,109,1,"2024-12-04 16:29:19.757523","00:30:00",True
915,110,1,"2024-12-04 16:29:19.757523","00:40:00",True
916,101,1,"2024-12-04 16:29:19.757523","00:10:00",True
916,102,1,"2024-12-04 16:29:19.757523","00:20:00",True
916,104,1,"2024-12-04 16:29:19.757523","00:30:00",True
916,106,1,"2024-12-04 16:29:19.757523","00:40:00",True
917,105,1,"2024-12-04 16:29:19.757523","00:15:00",True
917,107,1,"2024-12-04 16:29:19.757523","00:25:00",True
917,109,1,"2024-12-04 16:29:19.757523","00:35:00",True
917,110,1,"2024-12-04 16:29:19.757523","00:45:00",True
918,103,1,"2024-12-04 16:29:19.757523","00:10:00",True
918,104,1,"2024-12-04 16:29:19.757523","00:20:00",True
918,105,1,"2024-12-04 16:29:19.757523","00:30:00",True
918,106,1,"2024-12-04 16:29:19.757523","00:40:00",True
919,108,1,"2024-12-04 16:29:19.757523","00:10:00",True
919,109,1,"2024-12-04 16:29:19.757523","00:20:00",True
919,110,1,"2024-12-04 16:29:19.757523","00:30:00",True
919,101,1,"2024-12-04 16:29:19.757523","00:40:00",True
920,107,1,"2024-12-04 16:29:19.757523","00:15:00",True
920,108,1,"2024-12-04 16:29:19.757523","00:25:00",True
920,109,1,"2024-12-04 16:29:19.757523","00:35:00",True
920,103,1,"2024-12-04 16:29:19.757523","00:45:00",True
921,101,1,"2024-12-04 16:29:19.757523","00:10:00",True
921,102,1,"2024-12-04 16:29:19.757523","00:20:00",True
921,103,1,"2024-12-04 16:29:19.757523","00:30:00",True
921,104,1,"2024-12-04 16:29:19.757523","00:40:00",True
922,105,1,"2024-12-04 16:29:19.757523","00:15:00",True
922,106,1,"2024-12-04 16:29:19.757523","00:25:00",True
922,107,1,"2024-12-04 16:29:19.757523","00:35:00",True
922,108,1,"2024-12-04 16:29:19.757523","00:45:00",True
923,109,1,"2024-12-04 16:29:19.757523","00:10:00",True
923,110,1,"2024-12-04 16:29:19.757523","00:20:00",True
923,101,1,"2024-12-04 16:29:19.757523","00:30:00",True
923,102,1,"2024-12-04 16:29:19.757523","00:40:00",True
924,103,1,"2024-12-04 16:29:19.757523","00:15:00",True
924,104,1,"2024-12-04 16:29:19.757523","00:25:00",True
924,105,1,"2024-12-04 16:29:19.757523","00:35:00",True
924,106,1,"2024-12-04 16:29:19.757523","00:45:00",True
925,107,1,"2024-12-04 16:29:19.757523","00:10:00",True
925,108,1,"2024-12-04 16:29:19.757523","00:20:00",True
925,109,1,"2024-12-04 16:29:19.757523","00:30:00",True
925,110,1,"2024-12-04 16:29:19.757523","00:40:00",True
926,101,1,"2024-12-04 16:29:19.757523","00:10:00",True
926,102,1,"2024-12-04 16:29:19.757523","00:20:00",True
926,104,1,"2024-12-04 16:29:19.757523","00:30:00",True
926,106,1,"2024-12-04 16:29:19.757523","00:40:00",True
927,105,1,"2024-12-04 16:29:19.757523","00:15:00",True
927,107,1,"2024-12-04 16:29:19.757523","00:25:00",True
927,109,1,"2024-12-04 16:29:19.757523","00:35:00",True
927,110,1,"2024-12-04 16:29:19.757523","00:45:00",True
1284,101,1,"2024-12-04 16:29:19.757523","00:10:00",True
1284,102,1,"2024-12-04 16:29:19.757523","00:20:00",True
1284,103,1,"2024-12-04 16:29:19.757523","00:30:00",True
1284,104,1,"2024-12-04 16:29:19.757523","00:40:00",True
1285,105,1,"2024-12-04 16:29:19.757523","00:15:00",True
1285,106,1,"2024-12-04 16:29:19.757523","00:25:00",True
1285,107,1,"2024-12-04 16:29:19.757523","00:35:00",True
1285,108,1,"2024-12-04 16:29:19.757523","00:45:00",True
1286,109,1,"2024-12-04 16:29:19.757523","00:10:00",True
1286,110,1,"2024-12-04 16:29:19.757523","00:20:00",True
1286,101,1,"2024-12-04 16:29:19.757523","00:30:00",True
1286,102,1,"2024-12-04 16:29:19.757523","00:40:00",True
1287,103,1,"2024-12-04 16:29:19.757523","00:15:00",True
1287,104,1,"2024-12-04 16:29:19.757523","00:25:00",True
1287,105,1,"2024-12-04 16:29:19.757523","00:35:00",True
1287,106,1,"2024-12-04 16:29:19.757523","00:45:00",True
1288,107,1,"2024-12-04 16:29:19.757523","00:10:00",True
1288,108,1,"2024-12-04 16:29:19.757523","00:20:00",True
1288,109,1,"2024-12-04 16:29:19.757523","00:30:00",True
1288,110,1,"2024-12-04 16:29:19.757523","00:40:00",True
1289,101,1,"2024-12-04 16:29:19.757523","00:10:00",True
1289,102,1,"2024-12-04 16:29:19.757523","00:20:00",True
1289,103,1,"2024-12-04 16:29:19.757523","00:30:00",True
1289,104,1,"2024-12-04 16:29:19.757523","00:40:00",True
1290,105,1,"2024-12-04 16:29:19.757523","00:15:00",True
1290,106,1,"2024-12-04 16:29:19.757523","00:25:00",True
1290,107,1,"2024-12-04 16:29:19.757523","00:35:00",True
1290,108,1,"2024-12-04 16:29:19.757523","00:45:00",True
1291,109,1,"2024-12-04 16:29:19.757523","00:10:00",True
1291,110,1,"2024-12-04 16:29:19.757523","00:20:00",True
1291,101,1,"2024-12-04 16:29:19.757523","00:30:00",True
1291,102,1,"2024-12-04 16:29:19.757523","00:40:00",True
1292,103,1,"2024-12-04 16:29:19.757523","00:15:00",True
1292,104,1,"2024-12-04 16:29:19.757523","00:25:00",True
1292,105,1,"2024-12-04 16:29:19.757523","00:35:00",True
1292,106,1,"2024-12-04 16:29:19.757523","00:45:00",True
1293,107,1,"2024-12-04 16:29:19.757523","00:10:00",True
1293,108,1,"2024-12-04 16:29:19.757523","00:20:00",True
1293,109,1,"2024-12-04 16:29:19.757523","00:30:00",True
1293,110,1,"2024-12-04 16:29:19.757523","00:40:00",True
1087,101,1,"2024-12-04 16:29:19.757523","00:10:00",True
1087,102,1,"2024-12-04 16:29:19.757523","00:20:00",True
1087,103,1,"2024-12-04 16:29:19.757523","00:30:00",True
1087,104,1,"2024-12-04 16:29:19.757523","00:40:00",True
1093,4,2,"2024-12-04 16:36:20.10885","00:10:00",True
1093,51,1,"2024-12-04 16:36:20.10885","00:20:00",True
1093,6,2,"2024-12-04 16:36:20.10885","00:30:00",True
1093,7,2,"2024-12-04 16:36:20.10885","00:40:00",True
1094,4,2,"2024-12-04 16:36:20.10885","00:10:00",True
1094,5,2,"2024-12-04 16:36:20.10885","00:20:00",True
1094,46,1,"2024-12-04 16:36:20.10885","00:30:00",True
1094,7,2,"2024-12-04 16:36:20.10885","00:40:00",True
1095,4,2,"2024-12-04 16:36:20.10885","00:10:00",True
1095,59,1,"2024-12-04 16:36:20.10885","00:20:00",True
1095,64,1,"2024-12-04 16:36:20.10885","00:30:00",True
1095,7,2,"2024-12-04 16:36:20.10885","00:40:00",True
1096,4,2,"2024-12-04 16:36:20.10885","00:10:00",True
1096,5,2,"2024-12-04 16:36:20.10885","00:20:00",True
1096,6,2,"2024-12-04 16:36:20.10885","00:30:00",True
1096,71,1,"2024-12-04 16:36:20.10885","00:40:00",True
1097,4,2,"2024-12-04 16:36:20.10885","00:10:00",True
1097,51,1,"2024-12-04 16:36:20.10885","00:20:00",True
1097,6,2,"2024-12-04 16:36:20.10885","00:30:00",True
1097,7,2,"2024-12-04 16:36:20.10885","00:40:00",True
1098,1,1,"2024-12-04 16:36:20.10885","00:10:00",True
1098,5,2,"2024-12-04 16:36:20.10885","00:20:00",True
1098,6,2,"2024-12-04 16:36:20.10885","00:30:00",True
1098,7,2,"2024-12-04 16:36:20.10885","00:40:00",True
1099,44,1,"2024-12-04 16:36:20.10885","00:10:00",True
1099,5,2,"2024-12-04 16:36:20.10885","00:20:00",True
1099,6,2,"2024-12-04 16:36:20.10885","00:30:00",True
1099,7,2,"2024-12-04 16:36:20.10885","00:40:00",True
1100,4,2,"2024-12-04 16:36:20.10885","00:10:00",True
1100,53,1,"2024-12-04 16:36:20.10885","00:20:00",True
1100,6,2,"2024-12-04 16:36:20.10885","00:30:00",True
1100,71,1,"2024-12-04 16:36:20.10885","00:40:00",True
1101,4,2,"2024-12-04 16:36:20.10885","00:10:00",True
1101,5,2,"2024-12-04 16:36:20.10885","00:20:00",True
1101,6,2,"2024-12-04 16:36:20.10885","00:30:00",True
1101,7,2,"2024-12-04 16:36:20.10885","00:40:00",True
1102,4,2,"2024-12-04 16:36:20.10885","00:10:00",True
1102,5,2,"2024-12-04 16:36:20.10885","00:20:00",True
1102,61,1,"2024-12-04 16:36:20.10885","00:30:00",True
1102,7,2,"2024-12-04 16:36:20.10885","00:40:00",True
1103,4,2,"2024-12-04 16:36:20.10885","00:10:00",True
1103,57,1,"2024-12-04 16:36:20.10885","00:20:00",True
1103,61,1,"2024-12-04 16:36:20.10885","00:30:00",True
1103,7,2,"2024-12-04 16:36:20.10885","00:40:00",True
1104,4,2,"2024-12-04 16:36:20.10885","00:10:00",True
1104,76,1,"2024-12-04 16:36:20.10885","00:20:00",True
1104,6,2,"2024-12-04 16:36:20.10885","00:30:00",True
1104,7,2,"2024-12-04 16:36:20.10885","00:40:00",True
1105,4,2,"2024-12-04 16:36:20.10885","00:10:00",True
1105,5,2,"2024-12-04 16:36:20.10885","00:20:00",True
1105,6,2,"2024-12-04 16:36:20.10885","00:30:00",True
1105,74,1,"2024-12-04 16:36:20.10885","00:40:00",True
1106,4,2,"2024-12-04 16:36:20.10885","00:10:00",True
1106,5,2,"2024-12-04 16:36:20.10885","00:20:00",True
1106,64,1,"2024-12-04 16:36:20.10885","00:30:00",True
1106,68,1,"2024-12-04 16:36:20.10885","00:40:00",True
1107,4,2,"2024-12-04 16:36:20.10885","00:10:00",True
1107,5,2,"2024-12-04 16:36:20.10885","00:20:00",True
1107,69,1,"2024-12-04 16:36:20.10885","00:30:00",True
1107,7,2,"2024-12-04 16:36:20.10885","00:40:00",True
1108,4,2,"2024-12-04 16:36:20.10885","00:10:00",True
1108,5,2,"2024-12-04 16:36:20.10885","00:20:00",True
1108,66,1,"2024-12-04 16:36:20.10885","00:30:00",True
1108,70,1,"2024-12-04 16:36:20.10885","00:40:00",True
1109,4,2,"2024-12-04 16:36:20.10885","00:10:00",True
1109,53,1,"2024-12-04 16:36:20.10885","00:20:00",True
1109,6,2,"2024-12-04 16:36:20.10885","00:30:00",True
1109,7,2,"2024-12-04 16:36:20.10885","00:40:00",True
1110,4,2,"2024-12-04 16:36:20.10885","00:10:00",True
1110,56,1,"2024-12-04 16:36:20.10885","00:20:00",True
1110,6,2,"2024-12-04 16:36:20.10885","00:30:00",True
1110,7,2,"2024-12-04 16:36:20.10885","00:40:00",True
1111,49,1,"2024-12-04 16:36:20.10885","00:10:00",True
1111,5,2,"2024-12-04 16:36:20.10885","00:20:00",True
1111,6,2,"2024-12-04 16:36:20.10885","00:30:00",True
1111,7,2,"2024-12-04 16:36:20.10885","00:40:00",True
1112,4,2,"2024-12-04 16:36:20.10885","00:10:00",True
1112,5,2,"2024-12-04 16:36:20.10885","00:20:00",True
1112,6,2,"2024-12-04 16:36:20.10885","00:30:00",True
1112,7,2,"2024-12-04 16:36:20.10885","00:40:00",True
1113,42,1,"2024-12-04 16:36:20.10885","00:10:00",True
1113,5,2,"2024-12-04 16:36:20.10885","00:20:00",True
1113,6,2,"2024-12-04 16:36:20.10885","00:30:00",True
1113,7,2,"2024-12-04 16:36:20.10885","00:40:00",True
1114,41,1,"2024-12-04 16:36:20.10885","00:10:00",True
1114,5,2,"2024-12-04 16:36:20.10885","00:20:00",True
1114,6,2,"2024-12-04 16:36:20.10885","00:30:00",True
1114,65,1,"2024-12-04 16:36:20.10885","00:40:00",True
1115,4,2,"2024-12-04 16:36:20.10885","00:10:00",True
1115,5,2,"2024-12-04 16:36:20.10885","00:20:00",True
1115,75,1,"2024-12-04 16:36:20.10885","00:30:00",True
1115,7,2,"2024-12-04 16:36:20.10885","00:40:00",True
1116,4,2,"2024-12-04 16:36:20.10885","00:10:00",True
1116,5,2,"2024-12-04 16:36:20.10885","00:20:00",True
1116,61,1,"2024-12-04 16:36:20.10885","00:30:00",True
1116,7,2,"2024-12-04 16:36:20.10885","00:40:00",True
1117,4,2,"2024-12-04 16:36:20.10885","00:10:00",True
1117,53,1,"2024-12-04 16:36:20.10885","00:20:00",True
1117,6,2,"2024-12-04 16:36:20.10885","00:30:00",True
1117,7,2,"2024-12-04 16:36:20.10885","00:40:00",True
1118,4,2,"2024-12-04 16:36:20.10885","00:10:00",True
1118,51,1,"2024-12-04 16:36:20.10885","00:20:00",True
1118,6,2,"2024-12-04 16:36:20.10885","00:30:00",True
1118,7,2,"2024-12-04 16:36:20.10885","00:40:00",True
1119,4,2,"2024-12-04 16:36:20.10885","00:10:00",True
1119,5,2,"2024-12-04 16:36:20.10885","00:20:00",True
1119,6,2,"2024-12-04 16:36:20.10885","00:30:00",True
1119,7,2,"2024-12-04 16:36:20.10885","00:40:00",True
1120,4,2,"2024-12-04 16:36:20.10885","00:10:00",True
1120,5,2,"2024-12-04 16:36:20.10885","00:20:00",True
1120,6,2,"2024-12-04 16:36:20.10885","00:30:00",True
1120,7,2,"2024-12-04 16:36:20.10885","00:40:00",True
1121,53,1,"2024-12-04 16:36:20.10885","00:10:00",True
1121,5,2,"2024-12-04 16:36:20.10885","00:20:00",True
1121,6,2,"2024-12-04 16:36:20.10885","00:30:00",True
1121,7,2,"2024-12-04 16:36:20.10885","00:40:00",True
1122,4,2,"2024-12-04 16:36:20.10885","00:10:00",True
1122,54,1,"2024-12-04 16:36:20.10885","00:20:00",True
1122,6,2,"2024-12-04 16:36:20.10885","00:30:00",True
1122,7,2,"2024-12-04 16:36:20.10885","00:40:00",True
1123,4,2,"2024-12-04 16:36:20.10885","00:10:00",True
1123,5,2,"2024-12-04 16:36:20.10885","00:20:00",True
1123,6,2,"2024-12-04 16:36:20.10885","00:30:00",True
1123,79,1,"2024-12-04 16:36:20.10885","00:40:00",True
1124,4,2,"2024-12-04 16:36:20.10885","00:10:00",True
1124,58,1,"2024-12-04 16:36:20.10885","00:20:00",True
1124,98,1,"2024-12-04 16:36:20.10885","00:30:00",True
1124,7,2,"2024-12-04 16:36:20.10885","00:40:00",True
1125,4,2,"2024-12-04 16:36:20.10885","00:10:00",True
1125,5,2,"2024-12-04 16:36:20.10885","00:20:00",True
1125,6,2,"2024-12-04 16:36:20.10885","00:30:00",True
1125,7,2,"2024-12-04 16:36:20.10885","00:40:00",True
1126,4,2,"2024-12-04 16:36:20.10885","00:10:00",True
1126,5,2,"2024-12-04 16:36:20.10885","00:20:00",True
1126,9,1,"2024-12-04 16:36:20.10885","00:30:00",True
1126,7,2,"2024-12-04 16:36:20.10885","00:40:00",True
1127,4,2,"2024-12-04 16:36:20.10885","00:10:00",True
1127,5,2,"2024-12-04 16:36:20.10885","00:20:00",True
1127,98,1,"2024-12-04 16:36:20.10885","00:30:00",True
1127,7,2,"2024-12-04 16:36:20.10885","00:40:00",True
1128,4,2,"2024-12-04 16:36:20.10885","00:10:00",True
1128,5,2,"2024-12-04 16:36:20.10885","00:20:00",True
1128,66,1,"2024-12-04 16:36:20.10885","00:30:00",True
1128,7,2,"2024-12-04 16:36:20.10885","00:40:00",True
1129,4,2,"2024-12-04 16:36:20.10885","00:10:00",True
1129,5,2,"2024-12-04 16:36:20.10885","00:20:00",True
1129,61,1,"2024-12-04 16:36:20.10885","00:30:00",True
1129,7,2,"2024-12-04 16:36:20.10885","00:40:00",True
1130,4,2,"2024-12-04 16:36:20.10885","00:10:00",True
1130,5,2,"2024-12-04 16:36:20.10885","00:20:00",True
1130,6,2,"2024-12-04 16:36:20.10885","00:30:00",True
1130,7,2,"2024-12-04 16:36:20.10885","00:40:00",True
1131,4,2,"2024-12-04 16:36:20.10885","00:10:00",True
1131,5,2,"2024-12-04 16:36:20.10885","00:20:00",True
1131,6,2,"2024-12-04 16:36:20.10885","00:30:00",True
1131,7,2,"2024-12-04 16:36:20.10885","00:40:00",True
1132,4,2,"2024-12-04 16:36:20.10885","00:10:00",True
1132,5,2,"2024-12-04 16:36:20.10885","00:20:00",True
1132,6,2,"2024-12-04 16:36:20.10885","00:30:00",True
1132,7,2,"2024-12-04 16:36:20.10885","00:40:00",True
1294,57,1,"2024-12-04 16:36:20.10885","00:10:00",True
1294,58,1,"2024-12-04 16:36:20.10885","00:20:00",True
1294,59,1,"2024-12-04 16:36:20.10885","00:30:00",True
1294,60,1,"2024-12-04 16:36:20.10885","00:40:00",True
1294,90,1,"2024-12-04 16:36:20.10885","01:30:00",True
1295,57,1,"2024-12-04 16:36:20.10885","00:10:00",True
1295,58,1,"2024-12-04 16:36:20.10885","00:20:00",True
1295,59,1,"2024-12-04 16:36:20.10885","00:30:00",True
1295,60,1,"2024-12-04 16:36:20.10885","00:40:00",True
1295,90,1,"2024-12-04 16:36:20.10885","01:30:00",True
1296,57,1,"2024-12-04 16:36:20.10885","00:10:00",True
1296,58,1,"2024-12-04 16:36:20.10885","00:20:00",True
1296,59,1,"2024-12-04 16:36:20.10885","00:30:00",True
1296,60,1,"2024-12-04 16:36:20.10885","00:40:00",True
1296,90,1,"2024-12-04 16:36:20.10885","01:30:00",True
1318,47,1,"2024-12-04 16:39:46.316374","00:10:00",True
1318,48,1,"2024-12-04 16:39:46.316374","00:20:00",True
1318,49,1,"2024-12-04 16:39:46.316374","00:30:00",True
1318,50,1,"2024-12-04 16:39:46.316374","00:40:00",True
1318,51,1,"2024-12-04 16:39:46.316374","00:50:00",True
1318,52,1,"2024-12-04 16:39:46.316374","01:00:00",True
1318,53,1,"2024-12-04 16:39:46.316374","01:10:00",True
1096,135,1,"2024-06-30 12:30:00","00:50:00",False
1097,136,1,"2024-07-11 09:15:00","01:05:00",False
1097,137,1,"2024-08-02 17:30:00","00:50:00",False
1097,138,1,"2024-09-18 14:00:00","01:00:00",False
1098,139,1,"2024-10-16 11:30:00","00:55:00",False
1098,140,1,"2024-11-23 18:45:00","01:05:00",False
1098,111,1,"2024-12-06 13:00:00","01:10:00",False
1099,112,1,"2024-01-22 10:45:00","00:50:00",False
1099,113,1,"2024-02-18 14:00:00","01:00:00",False
680,111,1,"2024-01-10 10:00:00","00:30:00",False
681,112,1,"2024-02-15 14:30:00","01:00:00",False
682,113,1,"2024-03-20 19:00:00","00:45:00",False
683,114,1,"2024-04-05 21:00:00","01:10:00",False
684,115,1,"2024-05-22 08:30:00","01:20:00",False
685,116,1,"2024-06-11 16:00:00","00:55:00",False
686,117,1,"2024-07-01 18:45:00","00:50:00",False
687,118,1,"2024-08-14 09:15:00","01:05:00",False
688,119,1,"2024-09-03 12:00:00","00:40:00",False
689,120,1,"2024-10-19 17:30:00","01:00:00",False
690,121,1,"2024-11-11 13:00:00","01:15:00",False
691,122,1,"2024-12-01 20:30:00","00:35:00",False
692,123,1,"2024-01-12 11:30:00","01:25:00",False
693,124,1,"2024-02-20 16:15:00","00:50:00",False
694,125,1,"2024-03-25 07:00:00","01:05:00",False
695,126,1,"2024-04-10 14:45:00","01:30:00",False
696,127,1,"2024-05-05 19:30:00","00:55:00",False
697,128,1,"2024-06-18 10:30:00","01:10:00",False
698,133,1,"2024-07-25 12:15:00","01:00:00",False
699,134,1,"2024-08-02 09:45:00","01:20:00",False
700,135,1,"2024-09-15 20:00:00","00:50:00",False
701,136,1,"2024-10-09 11:00:00","01:10:00",False
702,137,1,"2024-11-05 15:30:00","01:00:00",False
703,138,1,"2024-12-10 17:00:00","00:55:00",False
704,139,1,"2024-01-30 18:30:00","01:25:00",False
705,140,1,"2024-02-12 14:45:00","00:40:00",False
706,111,1,"2024-03-01 09:30:00","01:15:00",False
707,112,1,"2024-04-13 11:45:00","00:50:00",False
708,113,1,"2024-05-17 16:00:00","01:00:00",False
709,114,1,"2024-06-22 12:30:00","01:05:00",False
710,115,1,"2024-07-30 10:00:00","00:45:00",False
890,111,1,"2024-01-14 11:30:00","00:40:00",False
890,132,1,"2024-02-22 15:45:00","01:05:00",False
890,123,1,"2024-03-17 10:30:00","00:55:00",False
891,114,1,"2024-04-01 13:00:00","01:10:00",False
891,5,1,"2024-05-05 20:30:00","01:15:00",False
891,86,1,"2024-06-22 08:00:00","00:50:00",False
892,17,1,"2024-07-18 19:45:00","01:00:00",False
892,18,1,"2024-08-10 16:30:00","01:05:00",False
892,129,1,"2024-09-23 14:15:00","00:40:00",False
893,120,1,"2024-10-05 11:00:00","01:20:00",False
893,11,1,"2024-11-12 09:30:00","00:55:00",False
893,22,1,"2024-12-14 18:00:00","01:00:00",False
894,125,1,"2024-01-25 07:45:00","00:50:00",False
894,110,1,"2024-02-28 17:30:00","01:10:00",False
894,100,1,"2024-03-12 12:00:00","01:00:00",False
895,12,1,"2024-04-20 14:30:00","00:55:00",False
895,127,1,"2024-05-15 19:00:00","01:15:00",False
895,28,1,"2024-06-05 10:45:00","01:00:00",False
896,129,1,"2024-07-10 13:00:00","01:00:00",False
896,10,1,"2024-08-22 16:45:00","00:50:00",False
896,31,1,"2024-09-03 21:30:00","01:05:00",False
897,132,1,"2024-10-28 18:30:00","01:10:00",False
897,33,1,"2024-11-07 10:00:00","01:00:00",False
897,14,1,"2024-12-01 15:30:00","00:55:00",False
898,135,1,"2024-01-09 14:30:00","00:45:00",False
898,136,1,"2024-02-14 12:00:00","01:00:00",False
898,137,1,"2024-03-19 16:45:00","01:05:00",False
899,138,1,"2024-04-13 20:30:00","00:50:00",False
899,139,1,"2024-05-25 09:15:00","01:00:00",False
899,10,1,"2024-06-18 13:30:00","01:10:00",False
900,111,1,"2024-07-14 10:00:00","01:05:00",False
900,112,1,"2024-08-04 12:30:00","01:00:00",False
900,13,1,"2024-09-09 16:00:00","00:50:00",False
901,114,1,"2024-10-01 19:00:00","01:15:00",False
901,115,1,"2024-11-05 13:30:00","01:00:00",False
901,16,1,"2024-12-10 08:00:00","00:55:00",False
902,117,1,"2024-01-20 14:00:00","00:50:00",False
902,118,1,"2024-02-25 09:30:00","01:05:00",False
902,119,1,"2024-03-15 18:30:00","01:10:00",False
903,20,1,"2024-04-12 17:00:00","01:00:00",False
903,121,1,"2024-05-02 08:30:00","00:45:00",False
903,12,1,"2024-06-25 20:00:00","01:10:00",False
904,123,1,"2024-07-05 11:30:00","00:55:00",False
904,14,1,"2024-08-18 15:15:00","01:00:00",False
904,125,1,"2024-09-12 19:30:00","01:05:00",False
905,126,1,"2024-10-22 14:30:00","00:50:00",False
905,27,1,"2024-11-15 16:00:00","01:00:00",False
905,128,1,"2024-12-20 10:30:00","01:15:00",False
1099,114,1,"2024-03-27 16:30:00","01:05:00",False
1100,115,1,"2024-04-23 19:00:00","01:00:00",False
1100,116,1,"2024-05-13 11:30:00","00:55:00",False
1100,117,1,"2024-06-09 15:00:00","01:10:00",False
1101,118,1,"2024-07-17 12:00:00","00:50:00",False
1101,119,1,"2024-08-20 16:00:00","01:05:00",False
1101,120,1,"2024-09-25 19:30:00","01:00:00",False
1102,121,1,"2024-10-03 10:15:00","01:10:00",False
1102,122,1,"2024-11-11 08:30:00","00:50:00",False
1102,123,1,"2024-12-21 17:00:00","01:00:00",False
1103,124,1,"2024-01-16 13:30:00","01:00:00",False
1103,125,1,"2024-02-06 20:30:00","00:55:00",False
1103,126,1,"2024-03-14 11:00:00","01:05:00",False
1104,127,1,"2024-04-08 19:45:00","01:00:00",False
1104,128,1,"2024-05-19 12:00:00","00:50:00",False
1104,129,1,"2024-06-25 14:30:00","01:05:00",False
1105,130,1,"2024-07-12 08:45:00","01:10:00",False
1105,131,1,"2024-08-14 17:00:00","00:50:00",False
1105,132,1,"2024-09-30 13:30:00","01:00:00",False
1106,133,1,"2024-10-10 09:00:00","01:05:00",False
1106,134,1,"2024-11-01 11:15:00","01:00:00",False
1106,135,1,"2024-12-13 16:00:00","00:55:00",False
1107,136,1,"2024-01-18 14:30:00","01:00:00",False
1107,137,1,"2024-02-27 13:15:00","00:55:00",False
1107,138,1,"2024-03-10 19:00:00","01:05:00",False
1108,139,1,"2024-04-04 15:00:00","01:00:00",False
1108,140,1,"2024-05-03 11:45:00","00:50:00",False
1108,111,1,"2024-06-06 17:30:00","01:05:00",False
1109,112,1,"2024-07-23 19:00:00","00:55:00",False
1109,113,1,"2024-08-16 14:45:00","01:05:00",False
1109,114,1,"2024-09-07 13:00:00","01:00:00",False
1110,115,1,"2024-10-19 10:30:00","01:10:00",False
1110,116,1,"2024-11-02 20:15:00","00:50:00",False
1110,117,1,"2024-12-09 18:00:00","01:00:00",False
1111,118,1,"2024-01-30 16:00:00","01:05:00",False
1111,119,1,"2024-02-18 13:30:00","00:55:00",False
1111,120,1,"2024-03-05 11:15:00","01:00:00",False
1112,121,1,"2024-04-28 14:30:00","01:10:00",False
1112,122,1,"2024-05-17 19:00:00","00:50:00",False
1112,123,1,"2024-06-14 13:00:00","01:05:00",False
1113,124,1,"2024-07-01 14:15:00","00:50:00",False
1095,130,1,"2024-01-10 11:00:00","01:00:00",False
1095,131,1,"2024-02-07 18:30:00","00:55:00",False
1095,132,1,"2024-03-19 14:15:00","01:05:00",False
1096,133,1,"2024-04-05 16:00:00","01:10:00",False
1096,134,1,"2024-05-23 20:00:00","01:00:00",False
1300,41,1,"2024-12-04 16:42:07.621195","00:10:00",True
1300,42,1,"2024-12-04 16:42:07.621195","00:20:00",True
1300,43,1,"2024-12-04 16:42:07.621195","00:30:00",True
1300,44,1,"2024-12-04 16:42:07.621195","00:40:00",True
1300,45,1,"2024-12-04 16:42:07.621195","00:50:00",True
1300,46,1,"2024-12-04 16:42:07.621195","01:00:00",True
1300,47,1,"2024-12-04 16:42:07.621195","01:10:00",True
1301,48,1,"2024-12-04 16:42:07.621195","00:10:00",True
1301,49,1,"2024-12-04 16:42:07.621195","00:20:00",True
1301,50,1,"2024-12-04 16:42:07.621195","00:30:00",True
1301,51,1,"2024-12-04 16:42:07.621195","00:40:00",True
1301,52,1,"2024-12-04 16:42:07.621195","00:50:00",True
1301,53,1,"2024-12-04 16:42:07.621195","01:00:00",True
1301,54,1,"2024-12-04 16:42:07.621195","01:10:00",True
1302,55,1,"2024-12-04 16:42:07.621195","00:10:00",True
1302,56,1,"2024-12-04 16:42:07.621195","00:20:00",True
1302,57,1,"2024-12-04 16:42:07.621195","00:30:00",True
1302,58,1,"2024-12-04 16:42:07.621195","00:40:00",True
1302,59,1,"2024-12-04 16:42:07.621195","00:50:00",True
1302,60,1,"2024-12-04 16:42:07.621195","01:00:00",True
1302,61,1,"2024-12-04 16:42:07.621195","01:10:00",True
1303,62,1,"2024-12-04 16:42:07.621195","00:10:00",True
1303,63,1,"2024-12-04 16:42:07.621195","00:20:00",True
1303,64,1,"2024-12-04 16:42:07.621195","00:30:00",True
1303,65,1,"2024-12-04 16:42:07.621195","00:40:00",True
1303,66,1,"2024-12-04 16:42:07.621195","00:50:00",True
1303,67,1,"2024-12-04 16:42:07.621195","01:00:00",True
1303,68,1,"2024-12-04 16:42:07.621195","01:10:00",True
1304,69,1,"2024-12-04 16:42:07.621195","00:10:00",True
1304,70,1,"2024-12-04 16:42:07.621195","00:20:00",True
1304,71,1,"2024-12-04 16:42:07.621195","00:30:00",True
1304,72,1,"2024-12-04 16:42:07.621195","00:40:00",True
1304,73,1,"2024-12-04 16:42:07.621195","00:50:00",True
1304,74,1,"2024-12-04 16:42:07.621195","01:00:00",True
1304,75,1,"2024-12-04 16:42:07.621195","01:10:00",True
1305,76,1,"2024-12-04 16:42:07.621195","00:10:00",True
1305,79,1,"2024-12-04 16:42:07.621195","00:40:00",True
1305,80,1,"2024-12-04 16:42:07.621195","00:50:00",True
1305,41,1,"2024-12-04 16:42:07.621195","01:00:00",True
1305,42,1,"2024-12-04 16:42:07.621195","01:10:00",True
1306,43,1,"2024-12-04 16:42:07.621195","00:10:00",True
1306,44,1,"2024-12-04 16:42:07.621195","00:20:00",True
1306,45,1,"2024-12-04 16:42:07.621195","00:30:00",True
1306,46,1,"2024-12-04 16:42:07.621195","00:40:00",True
1306,47,1,"2024-12-04 16:42:07.621195","00:50:00",True
1306,48,1,"2024-12-04 16:42:07.621195","01:00:00",True
1306,49,1,"2024-12-04 16:42:07.621195","01:10:00",True
1307,50,1,"2024-12-04 16:42:07.621195","00:10:00",True
1307,51,1,"2024-12-04 16:42:07.621195","00:20:00",True
1307,52,1,"2024-12-04 16:42:07.621195","00:30:00",True
1307,53,1,"2024-12-04 16:42:07.621195","00:40:00",True
1307,54,1,"2024-12-04 16:42:07.621195","00:50:00",True
1307,55,1,"2024-12-04 16:42:07.621195","01:00:00",True
1307,56,1,"2024-12-04 16:42:07.621195","01:10:00",True
1308,57,1,"2024-12-04 16:42:07.621195","00:10:00",True
1308,58,1,"2024-12-04 16:42:07.621195","00:20:00",True
1308,59,1,"2024-12-04 16:42:07.621195","00:30:00",True
1308,60,1,"2024-12-04 16:42:07.621195","00:40:00",True
1308,61,1,"2024-12-04 16:42:07.621195","00:50:00",True
1308,62,1,"2024-12-04 16:42:07.621195","01:00:00",True
1308,63,1,"2024-12-04 16:42:07.621195","01:10:00",True
1309,64,1,"2024-12-04 16:42:07.621195","00:10:00",True
1309,65,1,"2024-12-04 16:42:07.621195","00:20:00",True
1309,66,1,"2024-12-04 16:42:07.621195","00:30:00",True
1309,67,1,"2024-12-04 16:42:07.621195","00:40:00",True
1309,68,1,"2024-12-04 16:42:07.621195","00:50:00",True
1309,69,1,"2024-12-04 16:42:07.621195","01:00:00",True
1309,70,1,"2024-12-04 16:42:07.621195","01:10:00",True
1310,71,1,"2024-12-04 16:42:07.621195","00:10:00",True
1310,72,1,"2024-12-04 16:42:07.621195","00:20:00",True
1310,73,1,"2024-12-04 16:42:07.621195","00:30:00",True
1310,74,1,"2024-12-04 16:42:07.621195","00:40:00",True
1310,75,1,"2024-12-04 16:42:07.621195","00:50:00",True
1310,76,1,"2024-12-04 16:42:07.621195","01:00:00",True
1311,79,1,"2024-12-04 16:42:07.621195","00:20:00",True
1311,80,1,"2024-12-04 16:42:07.621195","00:30:00",True
1311,41,1,"2024-12-04 16:42:07.621195","00:40:00",True
1311,42,1,"2024-12-04 16:42:07.621195","00:50:00",True
1311,43,1,"2024-12-04 16:42:07.621195","01:00:00",True
1311,44,1,"2024-12-04 16:42:07.621195","01:10:00",True
1312,45,1,"2024-12-04 16:42:07.621195","00:10:00",True
1312,46,1,"2024-12-04 16:42:07.621195","00:20:00",True
1312,47,1,"2024-12-04 16:42:07.621195","00:30:00",True
1312,48,1,"2024-12-04 16:42:07.621195","00:40:00",True
1312,49,1,"2024-12-04 16:42:07.621195","00:50:00",True
1312,50,1,"2024-12-04 16:42:07.621195","01:00:00",True
1312,51,1,"2024-12-04 16:42:07.621195","01:10:00",True
1313,52,1,"2024-12-04 16:42:07.621195","00:10:00",True
1313,53,1,"2024-12-04 16:42:07.621195","00:20:00",True
1313,54,1,"2024-12-04 16:42:07.621195","00:30:00",True
1313,55,1,"2024-12-04 16:42:07.621195","00:40:00",True
1313,56,1,"2024-12-04 16:42:07.621195","00:50:00",True
1313,57,1,"2024-12-04 16:42:07.621195","01:00:00",True
1313,58,1,"2024-12-04 16:42:07.621195","01:10:00",True
1314,59,1,"2024-12-04 16:42:07.621195","00:10:00",True
1314,60,1,"2024-12-04 16:42:07.621195","00:20:00",True
1314,61,1,"2024-12-04 16:42:07.621195","00:30:00",True
1314,62,1,"2024-12-04 16:42:07.621195","00:40:00",True
1314,63,1,"2024-12-04 16:42:07.621195","00:50:00",True
1314,64,1,"2024-12-04 16:42:07.621195","01:00:00",True
1314,65,1,"2024-12-04 16:42:07.621195","01:10:00",True
1315,66,1,"2024-12-04 16:42:07.621195","00:10:00",True
1315,67,1,"2024-12-04 16:42:07.621195","00:20:00",True
1315,68,1,"2024-12-04 16:42:07.621195","00:30:00",True
1315,69,1,"2024-12-04 16:42:07.621195","00:40:00",True
1315,70,1,"2024-12-04 16:42:07.621195","00:50:00",True
1315,71,1,"2024-12-04 16:42:07.621195","01:00:00",True
1315,72,1,"2024-12-04 16:42:07.621195","01:10:00",True
1316,73,1,"2024-12-04 16:42:07.621195","00:10:00",True
1316,74,1,"2024-12-04 16:42:07.621195","00:20:00",True
1316,75,1,"2024-12-04 16:42:07.621195","00:30:00",True
1316,76,1,"2024-12-04 16:42:07.621195","00:40:00",True
1316,79,1,"2024-12-04 16:42:07.621195","01:10:00",True
1317,80,1,"2024-12-04 16:42:07.621195","00:10:00",True
1317,41,1,"2024-12-04 16:42:07.621195","00:20:00",True
1317,42,1,"2024-12-04 16:42:07.621195","00:30:00",True
1317,43,1,"2024-12-04 16:42:07.621195","00:40:00",True
1317,44,1,"2024-12-04 16:42:07.621195","00:50:00",True
1317,45,1,"2024-12-04 16:42:07.621195","01:00:00",True
1317,46,1,"2024-12-04 16:42:07.621195","01:10:00",True
1123,41,1,"2024-12-04 16:47:14.144531","00:10:00",True
1123,42,1,"2024-12-04 16:47:14.144531","00:20:00",True
1123,43,1,"2024-12-04 16:47:14.144531","00:30:00",True
1123,90,1,"2024-12-04 16:47:14.144531","00:40:00",True
1123,91,1,"2024-12-04 16:47:14.144531","00:50:00",True
1124,44,1,"2024-12-04 16:47:14.144531","00:10:00",True
1124,45,1,"2024-12-04 16:47:14.144531","00:20:00",True
1124,46,1,"2024-12-04 16:47:14.144531","00:30:00",True
1124,92,1,"2024-12-04 16:47:14.144531","00:40:00",True
1124,93,1,"2024-12-04 16:47:14.144531","00:50:00",True
1125,47,1,"2024-12-04 16:47:14.144531","00:10:00",True
1125,48,1,"2024-12-04 16:47:14.144531","00:20:00",True
1125,49,1,"2024-12-04 16:47:14.144531","00:30:00",True
1125,94,1,"2024-12-04 16:47:14.144531","00:40:00",True
1125,95,1,"2024-12-04 16:47:14.144531","00:50:00",True
1126,50,1,"2024-12-04 16:47:14.144531","00:10:00",True
1126,51,1,"2024-12-04 16:47:14.144531","00:20:00",True
1126,52,1,"2024-12-04 16:47:14.144531","00:30:00",True
1126,96,1,"2024-12-04 16:47:14.144531","00:40:00",True
1126,97,1,"2024-12-04 16:47:14.144531","00:50:00",True
1127,53,1,"2024-12-04 16:47:14.144531","00:10:00",True
1127,54,1,"2024-12-04 16:47:14.144531","00:20:00",True
1127,55,1,"2024-12-04 16:47:14.144531","00:30:00",True
1127,99,1,"2024-12-04 16:47:14.144531","00:50:00",True
1128,41,1,"2024-12-04 16:47:14.144531","00:10:00",True
1128,42,1,"2024-12-04 16:47:14.144531","00:20:00",True
1128,43,1,"2024-12-04 16:47:14.144531","00:30:00",True
1128,100,1,"2024-12-04 16:47:14.144531","00:40:00",True
1128,90,1,"2024-12-04 16:47:14.144531","00:50:00",True
1129,44,1,"2024-12-04 16:47:14.144531","00:10:00",True
1129,45,1,"2024-12-04 16:47:14.144531","00:20:00",True
1129,46,1,"2024-12-04 16:47:14.144531","00:30:00",True
1129,91,1,"2024-12-04 16:47:14.144531","00:40:00",True
1129,92,1,"2024-12-04 16:47:14.144531","00:50:00",True
1130,47,1,"2024-12-04 16:47:14.144531","00:10:00",True
1130,48,1,"2024-12-04 16:47:14.144531","00:20:00",True
1130,49,1,"2024-12-04 16:47:14.144531","00:30:00",True
1130,93,1,"2024-12-04 16:47:14.144531","00:40:00",True
1130,94,1,"2024-12-04 16:47:14.144531","00:50:00",True
1131,50,1,"2024-12-04 16:47:14.144531","00:10:00",True
1131,51,1,"2024-12-04 16:47:14.144531","00:20:00",True
1131,52,1,"2024-12-04 16:47:14.144531","00:30:00",True
1131,95,1,"2024-12-04 16:47:14.144531","00:40:00",True
1131,96,1,"2024-12-04 16:47:14.144531","00:50:00",True
1132,53,1,"2024-12-04 16:47:14.144531","00:10:00",True
1132,54,1,"2024-12-04 16:47:14.144531","00:20:00",True
1132,55,1,"2024-12-04 16:47:14.144531","00:30:00",True
1132,97,1,"2024-12-04 16:47:14.144531","00:40:00",True
1132,98,1,"2024-12-04 16:47:14.144531","00:50:00",True
1294,41,1,"2024-12-04 16:47:14.144531","00:10:00",True
1294,42,1,"2024-12-04 16:47:14.144531","00:20:00",True
1294,43,1,"2024-12-04 16:47:14.144531","00:30:00",True
1294,99,1,"2024-12-04 16:47:14.144531","00:40:00",True
1294,100,1,"2024-12-04 16:47:14.144531","00:50:00",True
1295,44,1,"2024-12-04 16:47:14.144531","00:10:00",True
1295,45,1,"2024-12-04 16:47:14.144531","00:20:00",True
1295,46,1,"2024-12-04 16:47:14.144531","00:30:00",True
1295,91,1,"2024-12-04 16:47:14.144531","00:50:00",True
1296,47,1,"2024-12-04 16:47:14.144531","00:10:00",True
1296,48,1,"2024-12-04 16:47:14.144531","00:20:00",True
1296,49,1,"2024-12-04 16:47:14.144531","00:30:00",True
1296,92,1,"2024-12-04 16:47:14.144531","00:40:00",True
1296,93,1,"2024-12-04 16:47:14.144531","00:50:00",True
1297,50,1,"2024-12-04 16:47:14.144531","00:10:00",True
1297,51,1,"2024-12-04 16:47:14.144531","00:20:00",True
1297,52,1,"2024-12-04 16:47:14.144531","00:30:00",True
1297,94,1,"2024-12-04 16:47:14.144531","00:40:00",True
1297,95,1,"2024-12-04 16:47:14.144531","00:50:00",True
1298,53,1,"2024-12-04 16:47:14.144531","00:10:00",True
1298,54,1,"2024-12-04 16:47:14.144531","00:20:00",True
1298,55,1,"2024-12-04 16:47:14.144531","00:30:00",True
1298,96,1,"2024-12-04 16:47:14.144531","00:40:00",True
1298,97,1,"2024-12-04 16:47:14.144531","00:50:00",True
1299,41,1,"2024-12-04 16:47:14.144531","00:10:00",True
1299,42,1,"2024-12-04 16:47:14.144531","00:20:00",True
1299,43,1,"2024-12-04 16:47:14.144531","00:30:00",True
1299,98,1,"2024-12-04 16:47:14.144531","00:40:00",True
1299,99,1,"2024-12-04 16:47:14.144531","00:50:00",True
1113,125,1,"2024-08-04 19:30:00","01:05:00",False
1113,126,1,"2024-09-14 11:45:00","01:00:00",False
1114,127,1,"2024-10-21 16:30:00","01:00:00",False
1114,128,1,"2024-11-11 12:00:00","01:10:00",False
1114,129,1,"2024-12-01 17:45:00","00:55:00",False
1115,130,1,"2024-01-03 18:45:00","00:50:00",False
1115,131,1,"2024-02-16 10:00:00","01:00:00",False
1115,132,1,"2024-03-23 17:15:00","01:05:00",False
1125,133,1,"2024-10-25 09:30:00","01:10:00",False
1300,1,1,"2024-01-04 10:15:00","01:00:00",False
1300,2,1,"2024-02-07 14:00:00","00:55:00",False
1300,123,1,"2024-03-12 16:30:00","01:05:00",False
1301,3,1,"2024-04-05 09:00:00","01:10:00",False
1301,4,1,"2024-05-14 20:30:00","00:50:00",False
1301,124,1,"2024-06-10 13:15:00","01:00:00",False
1302,5,1,"2024-07-18 12:00:00","01:05:00",False
1302,6,1,"2024-08-22 14:00:00","01:00:00",False
1302,125,1,"2024-09-29 17:30:00","00:55:00",False
1303,7,1,"2024-10-20 19:45:00","01:00:00",False
1303,8,1,"2024-11-15 16:30:00","00:50:00",False
1303,126,1,"2024-12-13 18:00:00","01:05:00",False
1304,9,1,"2024-01-06 14:00:00","01:10:00",False
1304,10,1,"2024-02-03 19:30:00","00:55:00",False
1304,127,1,"2024-03-21 11:45:00","01:00:00",False
1305,11,1,"2024-04-27 09:30:00","01:05:00",False
1305,12,1,"2024-05-10 13:30:00","01:00:00",False
1305,128,1,"2024-06-04 14:15:00","01:00:00",False
1306,13,1,"2024-07-08 17:00:00","00:50:00",False
1306,14,1,"2024-08-06 18:30:00","01:05:00",False
1306,129,1,"2024-09-23 12:00:00","01:10:00",False
1307,34,1,"2024-10-17 16:30:00","01:00:00",False
1307,16,1,"2024-11-10 14:00:00","00:50:00",False
1307,130,1,"2024-12-12 13:45:00","01:00:00",False
1308,17,1,"2024-01-25 19:00:00","01:00:00",False
1308,18,1,"2024-02-15 13:30:00","00:55:00",False
1308,131,1,"2024-03-19 11:00:00","01:05:00",False
1309,19,1,"2024-04-01 10:45:00","01:05:00",False
1309,20,1,"2024-05-05 15:00:00","01:00:00",False
1309,132,1,"2024-06-17 13:30:00","01:00:00",False
1310,21,1,"2024-07-03 16:15:00","01:00:00",False
1310,22,1,"2024-08-12 18:00:00","01:05:00",False
1310,133,1,"2024-09-08 14:30:00","00:50:00",False
1311,23,1,"2024-10-09 11:00:00","01:00:00",False
1311,24,1,"2024-11-05 13:30:00","00:55:00",False
1311,134,1,"2024-12-14 17:00:00","01:10:00",False
1312,25,1,"2024-01-14 15:45:00","01:05:00",False
1312,26,1,"2024-02-25 20:00:00","01:00:00",False
1312,135,1,"2024-03-18 16:00:00","01:05:00",False
1313,27,1,"2024-04-14 13:30:00","01:00:00",False
1313,28,1,"2024-05-01 17:00:00","01:10:00",False
1313,123,1,"2024-06-11 12:00:00","00:50:00",False
